time (h), cloud water content (kg/m3)
0, 0.0
11, 0.0
12, 7.853982e-07
13, 7.853982e-07
13.5, 0.0
24, 0.0
